CPU,RAM,Price,File
Ryzen 3600,500,Unknown,213275_Gigahost.no__Dedicated_Server_New_Years_Sale.md
EPYC Special,500,€5,212624_WINTER_SALE__15€YEAR_7950X3D_VPS__RYZENEPYCXEON_-_[GERMANY_+_Netherlands]_+_Giveaway.md
Ryzen 7,500,$41.30,212132_Swiftnode_-_2025_Black_Friday_Baremetal_Deals_-_Dallas_and_Chicago.md
EPYC 7371,500,$163,214849_Amsterdam_Servers__Up_to_5Gbps_-_Unmetr.__IntelAMD_8_to_32_Cores__247_Support__Crypto_Pay.md
EPYC 7532,500,$5,"206727_servaRICA_–_New_KVM_VPS_Launch_Chimera_Hybrid,_Slim_&_FAT_Slices_–_Blazing_Disk_Speed.md"
EPYC 7451,500,$69,216893_Amsterdam_&_Frankfurt_Dedics_from_$69__Up_to_5Gbps-Unmet_8_to_48_Cores__247_Support__Crypto_Ok.md
Ryzen 7950X,500,$20,209918_Layer.ae__Annual_Fest_2025__Freebies__Giveaways__Discounts!.md
Ryzen 9950X,500,€4,212674_DeluxHost.net__NEW_V_Series_NVMe_VPS__Storage_VPS_&_Ryzen_9950X_Available__From_€4yr__AMS__NED.md
EPYC 9554P,480,€100,216896_🇳🇱_Amsterdam_&_🇺🇸_New_York__10Gbps_Dedicated_Servers__From_€100mo__Instant_Deploy__RedSwitc.md
EPYC 9655P,480,€85.00,211930_Worldstream_Black_Friday_–_Dedicated_Servers_w_Lifetime_Deals_–_EPYC_9655P_&_Xeon_6741P__6761P.md
Xeon Gold,450,$5,"202214_Need_RAM,_bandwidth_or_storage_Introducing_new_plans_from_ServerPoint!.md"
Ryzen 9,400,$6,210804_New_Seattle_Node!_Tudcloud_Ryzen_9_9900X_VPS_—_2Gbps_In__500Mbps_Out_—_10%_OFF_with_SEAPRE10.md
EPYCs,384,$100,"211979_GORILLASERVERS_Black_Friday_Begins_-_100TB_Storage_under_$100,_Insane_EPYCs,_Ryzen,_GPUs,_FREE_STUFF.md"
epyc-ryzen-special-price-support-alipay-usdt,384,$159,209795_iWebFusion__USA_SIX_LOCATIONS__E3E5EPYCRYZEN__SPECIAL_PRICE__Support_Alipay_&_USDT_.md
Xeon Gold 6262,384,$150,209248_[Dedicated_Servers]_384GB_RAM_for_$150mo__192GB_RAM_for_$100mo__Others_starting_at_$60mo.md
Xeon Gold 5115,384,$60.90,215657_10G_FULL_UNMETERED__-_Easter_Offers!_-_from_$60.90.md
Ryzen 9000,384,$3.50,211345_NYC_Ryzen_9000_&_1TB_Storage_VPS_SALE__Starting_at_$3.50mo__CREDIT_BOOST_+_$1_CREDIT_GIVEAWAY.md
Ryzen 9,384,$159,212395_iWebFusion.NetCyber_Monday_Special_-_Buy_One_Month_Get_One_Month_Free.md
Ryzen 9000,384,$3.50,210835_NYC_Ryzen_9000_&_1TB_Storage_VPS__Starting_at_$3.50mo__Unmetered_BW__FREE_CREDITS_&_GIVEAWAY.md
Ryzen 9000,384,$3.50,209695_NYC_Ryzen_9000_VPS_$3.50mo__1TB_Storage_VPS_$5mo__Unmetered_BW__Credit_Boost_+_Giveaway.md
Ryzen 9000,384,$3.50,210446_NYC_Ryzen_9000_VPS_$3.50mo__1TB_Storage_VPS_$5mo__Unmetered_BW__Credit_Boost_+_Giveaway.md
Ryzen 9,384,$145,212752_iWF_2025_Winter_Blowout-Support_USDTALIPAY-365247_LiveChat.md
Ryzen 9,384,€3.50,"168917_★_KVM_VPS_★_2GB_RAM,_50_GB_SSD_€3.50_★_NL_★_Linux_★.md"
Ryzen 9000,384,$3.50,210099_NYC_Ryzen_9000_VPS_$3.50mo__1TB_Storage_VPS_$5mo__Unmetered_BW__Credit_Boost_+_Giveaway.md
Ryzen 9,380,Unknown,207192_Kuroit__Chicago_Ryzen_9_9950X_VPS__USA_Reseller_Packs__10Gbps_Network.md
EPYC VPS,350,Unknown,"212203_BF_at_ph24_3rd_gen_EPYC_VPS_starting_at_5,99€.md"
Xeon Platinum 8268,320,Unknown,212779_Alexhost.com_-_NEW_VPS_Line_with_1Gbps_Port_Speed_in_Moldova__KVM__DDoS_Protection.md
EPYC 9334,320,£8,213921_[BitsFlowCloud]_Our_First_Offer!_Starting_at_£8.4Yr_!___USDEHK_VPS_&_China_Optimized_VPS.md
EPYC to,300,$5,211054_Hello_AMD!_Hello_IPv6!_We've_got_some_new_offers_for_you!.md
EPYC VPS,256,Unknown,199587_heartbeat_IT_-_Black_Friday_2024_Offers_-_2_Cores__4_GiB_RAM___50_GiB_Disk_for_42_€_per_two_years.md
epyc-ryzen-singapore-hong-kong-tokyo-los-angeles,256,$99,"209027_$99_EPYCRyzen_Singapore,_Hong_Kong,_Tokyo,_Los_Angeles.md"
EPYC deal,256,$99.99,212679_EPYC_deal_for_Singapore_and_Los_Angeles.md
EPYC Deal,256,$119.99,"216649_AMD_RyzenEPYC_Deal_for_Singapore,_Tokyo,_Hong_Kong_and_Los_Angeles.md"
EPYC 4545P,256,$99,208176_New_AMD_EPYC_4545P_Starting_at_$99mo__Daily_Deals_-_Buy_today_and_Save_Every_Single_Month!.md
Epyc 4545P,256,$9,"210919_[Dedicated_Servers]_from_$9mo__AMD_Epyc_4545P_AMD_Ryzen_Core_i9_10900K,_Xeon_and_MORE!.md"
EPYC powerhouses,256,$99,210000_GorillaServers_Spices_Things_Up_-_The_Fall_Server_Event_Begins_+_Free_Stuff.md
epyc-99-month-save-on-daily-deals-dedicated-servers-in-ny-la-miami,256,$99,"207737_BRAND_NEW_16_CORE_EPYC_$99month__Save_on_Daily_Deals_Dedicated_Servers_In_NY,_LA_&_Miami.md"
EPYC Milan,256,$39,211961_New_Black_Friday_deals_from_ServerPoint_on_dedicated_and_virtual_servers!.md
EPYC 7702P,256,$129,207992_Heymman_Servers_-_$129_-_EPYC_7702P_-_64_cores_-_512GB_RAM_-_1.88TB_NVMe.md
EPYC KVM,256,Unknown,"211920_AlphaVPS_Black_Friday_2025_Mega_Thread_—_Ryzen_9950X,_EPYC_KVM,_Cheap_VPS,_Bare_Metal,_Double_BW.md"
EPYC 7702,256,$179,210714_Heymman_Servers_-_$179_-_Dual_EPYC_7702_-_128_cores_-_512GB_RAM.md
Ryzen 7,256,$45,215645_Dedispec_Dual_E5-26XX__64GB_RAM__480GB_SSD__1Gbit_Unmetered_-_$45.md
EPYC Deal,256,$69.99,"215119_AMD_RyzenEPYC_Deal_for_Tokyo,_Hong_Kong_and_Los_Angeles.md"
Ryzen Giveaway,256,$35,206635_Dart_Day_2025_Event_Thread__Deals__Ryzen_Giveaway.md
EPYC NVMe,256,$600,210627_GREENCLOUD__12th_Anniversary_Sale__Double_the_Deals__Thousands_of_Giveaways.md
epyc-ryzen-deal-singapore-hong-kong-tokyo-los-angeles,256,$99.99,"210171_EPYCRyzen_Deal_Singapore,_Hong_Kong,_Tokyo,_Los_Angeles.md"
Ryzen 9950x,256,$3.00,207987_★_NohaVPS__VPS_FROM_$3.00__Ryzen_9950x__DEDICATED_FROM_$25.95__10_Gbps_★.md
EPYC 7443P,256,$99.99,208354_Limited-Time_Server_Deal_Los_Angeles_and_Singapore.md
Ryzen 9,256,$200.00,215892_AMD_Ryzen_9_9950X_-_128GB_RAM_-_2TB_Gen5_NVMe_@10gbps_200$Month..md
Ryzen 5,256,$39,212788_Dedispec_Dual_E5_64GB_&_480GB_SSD_-_$39_(96GB_-_$49__128GB_-_$59)__BYO_GPU_Servers__Colo_Deals.md
Ryzen 9,256,$70,205298_F_I_B_E_R_S_T_A_T_E_-_L_A_-_O_V_E_R_L_O_A_D_-_DOUBLE_ALL_THE_THINGS._9950X_MADNESS_+_GIVEAWAYS.md
Epyc 4545P,256,$200,"215483_[US_Dedicated_Servers]_Ryzen_&_Intel__NY,_LA,_&_Miami__Instant_Deploy.md"
EPYC 7443P,256,$40,"211531_NEW_EPYC_7443P_with_10G_Fiber_Dedi_available!!_Colos,_Dedis_and_Storage_at_Microtronix_DC_(Ohio).md"
epyc-storage-servers-more-extra-discounts-with-metal,256,$99,"209151_Labor_Day_Sale_Ryzen,_Threadripper,_Epyc,_Storage_Servers_&_More!__Extra_Discounts_with_Metal+.md"
EPYC Dedicated,256,$149,211261_Ryzen_&_EPYC_Dedicated_Servers_—_10Gbps.md
Epyc 4545P,256,$99,"210485_Get_25%_Off_Hardware_Upgrades,_Free_Additional_IPv4_&_10_Gbps_Port_with_Metal+_Membership.md"
EPYC Rome,256,Unknown,211330_AlphaVPS_11.11_Specials_-_Back_After_Nearly_a_Year!.md
Xeon Gold 6138,256,$200.00,208382_10Gbps_USA_Dedicated_Server_Starting_150$Mo_-_Host_Mayo_Ltd..md
EPYC Milan,256,$89,"208132_Ryzen_5950X,_9950X,_Intel_2697v3,_2699v3,_dedis_from_$89mo__Colocation_2nd_month_free__USA.md"
EPYC KVM,256,$12,208242_9950X__EPYC_KVM_VPS__25%_OFF__Up_to_10Gbps__From_$12yr__NEW_Ryzen_&_EPYC_Specials_+_DOUBLE_BW.md
Epyc 4545P,256,$200,215888_[Dedicated_Servers]_Amsterdam_Pre-orders_Open___Limited_Availability__Instant_Setup.md
Ryzen 9,256,$99,209090_ColoCrossing's_Labor_Day_Sale_-_Dedicated_Servers_from_$99year!!_VPS_with_2x_Bandwidth_&_Storage!!.md
EPYC USA,256,$12,209506_10Gbps_RyzenEPYC_USA_KVM_VPS__From_$12yr__40%_OFF__New_LET_Specials_&_DOUBLE_BW.md
EPYC Rome,256,$10,213289_New_Year_&_Christmas_Sale!_•_10Gbps_Ryzen_9950X_KVM_VPS__Up_to_50%_OFF__5x_GIVEAWAY_+_DOUBLE_BW.md
Xeon Gold 6138,256,$99,208141_BIG_LAUNCH_MLNL.HOST_🇨🇭_Swiss_Dedicated_Servers__Fully_Customizable__From_$99.md
Epyc 4545P,256,$19,"212734_[Dedicated_Servers]_Starting_at_$19mo_-_Instant_Setup_-_Ryzen,_Intel_and_MORE!.md"
Xeon Gold 6138,256,$140.00,209058_10Gbps_Unmetered_USA_Dedicated_Servers.md
epyc-intel-dedicated-servers-la-nyc-miami-1-gbps-unmetered-on-all,256,$99,"210026_Get_Daily_Deals_on_Ryzen,_Epyc_&_Intel_Dedicated_Servers__LA._NYC._Miami__1_Gbps_Unmetered_on_ALL.md"
EPYC Deal,256,$119.99,"216053_AMD_RyzenEPYC_Deal_for_Singapore,_Tokyo,_Hong_Kong_and_Los_Angeles.md"
Ryzen 9,256,$129.00,215185_Tier.net_-_Spring_2026_Promotion_-_AMD_&_Intel_Deals.md
EPYC Milan,256,$59.95,213822_Tier.net__Intel_Server_Deals_-_Best_Value_Dedicated_Hosting.md
EPYC VPS,256,$10,211358_11.11_Specials!_•_RyzenEPYC_VPS__10Gbps__66%_OFF__15x_GIVEAWAYS_+_DOUBLE_BW.md
epyc-threadripper-custom-builder,256,$129.00,215584_Tier.net_-_High-Performance_VPS_&_Dedicated__AMD_EPYC_+_Threadripper__Custom_Builder.md
EPYC 7443P,256,$500,"215784_Full-Rack_10G_Fiber_Colo_$500m_starting!_Colos,_Dedis_and_Storage_at_Microtronix_DC_(Ohio).md"
Ryzen Deals,256,$45,213953_Dedispec_$45_Dual_E5_Specials_and_Cheap_Ryzen_Deals.md
Epyc 4545P,256,$19,213896_$19mo_Dedicated_Servers__Upgrade_to_2Gbps_at_Checkout_for_$20mo_Ends_31_Jan.md
EPYC 4545P,256,$200,"216828_Dedicated_Servers_US_&_EU__EPYC_4545P,_RYZEN_9950X_&_More.md"
EPYC Milan,256,$50,210755_TierNet_-_Ryzen_&_Intel_Deals_-_First_5_orders_will_receive_additional_10%_discount.md
EPYC,256,$40,207147_PureVoltage_4th_of_July_–_$40_Dedicated+_VPS_&_Colo__GIVEAWAY_INSIDE.md
Epyc 4545P,256,$99,209604_For_$99Year_Get_Discounted_Upgrades_&_More_Network_Perks_with_Metal+_Dedicated_Servers.md
EPYC Milan,256,$59.95,214876_Tier.Net_-_Enterprise_Intel_Server_Discounts.md
EPYC -,256,$62,"210328_server.net_-_New_Amsterdam_Dedicated_Server_Stock,_AMD_Ryzen,_AMD_EPYC_-_%30_Discount_for_3_Months!).md"
EPYC,256,$155,"203886_Dual_Gold_6138__40_Cores,_256GB_RAM,_10Gbps_—_Only_$155mo!.md"
epyc-149-gpus-from-20,256,$99,216811_May_the_Force_Deals_+_Giveaway_🎁__Ryzen_$99__Scalable_&_EPYC_$149__GPUs_from_$20.md
EPYC 7443P,256,$500,"213310_Full-Rack_10G_Fiber_Colo_$500m_starting!_Colos,_Dedis_and_Storage_at_Microtronix_DC_(Ohio).md"
Epyc Dedicated,256,$200,"214676_Best_Price_for_AMD_Ryzen,_Epyc_Dedicated_Servers__LA,_NY_&__Miami.md"
EPYC KVM,256,$7,210284_10Gbps_RyzenEPYC_KVM_VPS__From_$7yr__Up_to_50%_OFF__Flash_SALE_&_GIVEAWAY!_&_DOUBLE_BW.md
EPYC 4545P,256,$99,"214289_Get_Metal+_at_Checkout_for_25%_OFF_upgrades,_Free_10_Gbps_Port_and_Additional_Free_IPv4.md"
Xeon Gold 6122,256,$65,216414_Dedispec_Dual_E5-2630v4__128GB_RAM__480GB_NVMe__GTX_1080__1Gbit_Unmetered_-_$65.md
epyc-from-12-yr-double-bandwidth,256,$12,207631_Premium_KVM_VPS__Up_to_10_Gbps__Pure_NVMe__RyzenEPYC__From_$12yr_–_DOUBLE_BANDWIDTH.md
Ryzen 9,256,$70,210110_F_I_B_E_R_S_T_A_T_E_–_N_Y_C_–_L_A_U_N_C_H_–_DOUBLE_ALL_THE_THINGS._9950X_MADNESS_+_GIVEAWAYS.md
EPYC 7532,256,£49,215913_Easter_Special_-_upto_25%_off_-_West_Midlands_Private_DC__Dedicated_Servers_from_£49m.md
Epyc 4545P,256,$69,"215097_[Dedicated_Servers]_Starting_at_$69mo_-_Instant_Setup_-_Ryzen,_Intel_and_MORE.md"
EPYC Deal,256,$69.99,"215587_AMD_RyzenEPYC_Deal_for_Singapore,_Tokyo,_Hong_Kong_and_Los_Angeles.md"
EPYC 4545P,256,$20,213535_[20th_Anniversary_Sale]_Get_2Gbps_Unmetered_for_$20mo_on_Popular_Dedis!_(Limited_Time).md
epyc-builder,256,$49,212006_Tier.net_-_Black_Friday_-_Take_a_look_inside!.md
EPYC 4545P,256,$29,216387_Dedicated_Servers_from_$29mo_Amsterdam_Pre-orders_Are_Open__Limited_Availability.md
EPYC,256,$62,"214471_server.net_-_Amsterdam_Dedicated_Servers,_Ryzen_9950X,_Ryzen_9700X_-_%30_Discount_for_3_Months!).md"
Xeon Gold Processor,256,$18.99,210545_🎇_Happy_Diwali_2025_–_Cloud_VPS_Hosting_Sale_-_HostNamaste.com_🎆.md
EPYC 7351P,256,$271.60,207327_Nuyek’s_July_4th!_–_EPYC_7351P_Server_128GB_RAM_for_$271.60yr_(_7551P_+_256GB_RAM_$402.98yr_).md
Epyc 4545P,256,$99,"211966_Black_Friday_Mega_Sale_on_Dedicated_Servers__Buy_1,_Get_1_Free__Free_Year_of_Metal+.md"
epyc-kvm-deals-high-storage-servers-exclusive-flash-sales,256,Unknown,"199883_AlphaVPS_-_BF2024_MEGA_THREAD!_RYZEN,_EPYC,_KVM_DEALS,_HIGH-STORAGE_SERVERS_&_EXCLUSIVE_FLASH_SALES!.md"
EPYC VPS,256,$15,213889_New_Storage_Plans!_•_10Gbps_RyzenEPYC_VPS__From_$15yr__Up_to_50%_OFF__GIVEAWAY_+_DOUBLE_BONUSES.md
EPYC 9534,256,$11.98,"213153_HostSailor_-_Christmas_&_New_Year_Special_40_-_85%_Lifetime_Discounts,_Double_RAM_and_Disk.md"
Epyc 9754,256,$29,207880_BudgetVM_-_Giveaway_(Free_Epyc_9754)__E3's_$29__10G_Scalable's_$139__Ryzen_$99.md
EPYC Deal,256,$69.99,"214695_AMD_RyzenEPYC_Deal_for_Tokyo,_Hong_Kong_and_Los_Angeles.md"
EPYC KVM,256,$119,210718_10Gbps_RyzenEPYC_KVM_VPS__Up_to_66%_OFF!__GIVEAWAY!_+_Halloween_Sale_+_DOUBLE_BANDWIDTH.md
Xeon Gold virtual,250,$7,202948_3.4Ghz_Xeon_Gold_virtual_servers_are_on_sale_for_the_first_time!.md
EPYC Rome,250,$68,200011_GREENCLOUD__BLACK_FRIDAY_&_CYBER_MONDAY_SALE__UP_TO_90%_OFF__GIVEAWAYS.md
EPYC 9754,240,€ 30,212173_[NL]_Black_Friday__HiPerf_Storage_VPS_25Gbps__Ryzen_9950X_NVMe_VPS_15Gbps__WebReseller_hosting.md
EPYC processor,200,$6.00,200745_HostSailor_-_12.12_Mega_Deal_Get_Your_KVM_VPS_NVMe_at_90%_Recurring_Discount_–_Forever!.md
EPYC Turin,200,€7.99,"215785_ComputeBox_Turns_1__AMD_EPYC_Turin_+_Milan_+_4000ADA_GPU__Hamburg_&_Bremen,_Germany.md"
epyc-25tb-bandwidth-10gbit,200,$25.85,202576_Leaseweb__Singapore_Vps_AMD_EPYC_&_25TB_Bandwidth_10Gbit.md
epyc-25tb-bandwidth-10gbit,200,$25.85,202173_Leaseweb__Singapore_Vps_AMD_EPYC_&_25TB_Bandwidth_10Gbit.md
Ryzen 5,192,$1000,212422_$1000_Giveaway__Sparked_Host__Cyber_Monday_Sale_-_50%_OFF_VPS_PLANS_-_15%_OFF_DEDICATED_SERVERS.md
Xeon Gold 5115,192,$59.70,211947_BLACK_FRIDAY_-10G_FULL_UNMETERED__-_1st_Month_Half_Price_PLUS_40%_off_for_lifetime_-_from_$59.70.md
Xeon Gold 5115,192,$39.80,209780_10G_FULL_UNMETERED__-_80%_off_month_1_PLUS_30%_off_for_lifetime_-_from_$39.80.md
EPYC Milan,192,$69,207215_Sparked_Host__July_4th_Server_Sale__Ryzen_Servers_from_$69mo__2-Month_Free_Server_Giveaway.md
Ryzens,192,$99,207240_GorillaServers_Explosive_JULY_4TH_Event_–_Bare_Metal_Deals_+_Free_Gear!.md
Ryzen 9,192,$1.97,211721_ColoCrossing's_Black_Friday_Sale!_VPS_from_$1.97mo__Dedicated_Servers_from_$147.96yr__+_MORE.md
Ryzen 9,192,$11.99,210275_ColoCrossing's_Special_Offers_-_VPS_Offers_from_just_$11.99year_+_Dedicated_Servers_from_$25month!.md
Ryzen 7900,192,Unknown,213606_RTX_4060_(or_similar)+Ryzen_7900_AIO_Tower_Server_(Taking_pre-orders)_-_HostCram_LLC.md
Xeon Gold 5115,192,$59.70,208731_10G_FULL_UNMETERED__-_3_Months_50%_off_PLUS_up-to_extra_40%_off_for_lifetime_-_from_$59.70.md
Ryzen 9900X,192,$15.95,212394_SIZZLING_HOT_SMARTHOST_-_CYBER_WEEK_SALE_-_Ryzen_9900X_Blowout_-_Giveaways!.md
EPYC 9274,192,$8.50,211342_TierNet__New_VPS_Level_Released_-_Featuring_Threadripper_&_EPYC_9274+_Servers!_Inc._25GigE.md
EPYC Milan,192,$100,217260_TierNet_-_Intel_Xeon_Server_Deals_–_10GigE_Bandwidth_Included_-_below_$100.md
EPYC,192,$99.50,212180_DartNode_Black_Friday_Edition_2025_-_Ryzen_9950X_Dedicated_Giveaway_-_Deals_Inside_-_We_Go_to_Space.md
EPYC Milan,192,$59.95,216457_Tier.Net_-_Limited-Time_Intel_Deals.md
Xeon Gold 5115,192,$39.80,"210569_10G_FULL_UNMETERED,_ITS_BACK!_80%_off_month_1_PLUS_30%_off_for_lifetime_-_from_$39.80.md"
ryzen-xeon-dedicated-servers-starting-at-95-frankfurt-germany,192,€105,"216682_Ryzen_&_Xeon_Dedicated_Servers_starting_at_95_€_—_Frankfurt,_Germany.md"
Ryzen NVMe,180,$5,"214607_[Daily_Giveaway]_$5_Free_Credit_for_Ryzen_NVMe_VPS_Windows&Linux__FREE_Daily_Backup__TR,US,CA,UK,D.md"
EPYC 7301,160,$3,208086_KVM_VPS_(EUUSA)_–_Free_Upgrades_•_IPv4_+_64_IPv6_•_VirtFusion_•_Instant_Setup.md
EPYC Milan,160,$11.16,202182_Onidel__Singapore_&_Sydney__AMD_EPYC_Milan__NVMe_Block_Storage__50%_OFF.md
EPYC 7301,160,$3,206617_KVM_VPS_(EUUSA)_–_Free_Upgrades_•_IPv4_+_64_IPv6_•_VirtFusion_•_Instant_Setup.md
EPYC Options,128,$3.75,211022_PureVoltage_Black_Friday_Deals!__GIVEAWAYS__Dedicated_Servers__8GB_VPS_Starting_from_$3.75m.md
ryzen-xeon-dedicated-servers-starting-at-85-located-in-frankfurt-germany,128,Unknown,"209004_SALE_Ryzen__Xeon_Dedicated_Servers_starting_at_85€_located_in_Frankfurt,_Germany.md"
epyc-199-gpus-from-20,128,$159,216239_April_Deals_Are_No_Joke_😄_+_Giveaway_🎁__Ryzen_$159__Scalable_$189__EPYC_$199__GPUs_from_$20.md
Ryzen Dedicated,128,Unknown,207946_Ryzen_Dedicated_Server_Deal_starting_at_80€_located_in_Frankfurt_am_Main.md
EPYC NVMe,128,$5,210519_ReadyDedis_LLC_-_AMD_EPYC_NVMe_VPS_and_7950X_Dedicated_Servers_in_New_Jersey_&_Los_Angeles.md
Xeon Gold 5115,128,$56.70,207381_10G_UNMETERED__-_6_Months_Half_Price_PLUS_extra_40%_off_for_lifetime_-_from_$56.70.md
Epyc 7443p,128,$181,217237_1GServers.com__Pre-Summer_Warmup_2026_Dedicated_Server_Deals__US-WEST.md
EPYC Milan,128,$129,209126_Tier.net_SALE__Ryzen_5950X7950X9950X_-_from_$129mo.md
Ryzen 7950X3D,128,$139.88,208569_1GServers.com_--_Back_To_School_Dedicated_Server_Deals_[US-WEST].md
Xeon Gold 5118,128,€100,215187_Montreal_🇨🇦_&_Amsterdam_🇳🇱__10Gbps_Ports__From_€100mo__10_Min_Instant_Deploy__RedSwitches.md
Xeon Gold 5118,128,€100,210906_Halloween_Special_10Gbps_Dual_Xeon__24–32_Cores__From_€100__RedSwitches.com.md
Xeon Gold 5115,128,$47.25,208165_10G_UNMETERED__-_2_Months_75%_off_PLUS_extra_25%_off_for_lifetime_-_from_$47.25.md
Ryzen 7,128,$100,212201_B_L_A_C_K_F_R_I_D_A_Y_S_A_L_E_-_FIBERSTATE_MEGA_SALE_+_STORAGE_SERVERS_+_GIVEAWAYS!!.md
EPYC servers,128,Unknown,"215907_Ryzen_5700X,_5950X,_7950X3D,_9950X3D,_i9-10900K_Dedicated_Server_Deals_starting_at_120€.md"
Ryzen specials,128,$39,212456_Dedispec_Cyber_Monday_Deals_$39_Dual_E5_Deals__BYO_GPU_Deals__10%_Off_Colocation.md
Ryzen 5700X,128,$137,209173_PoloCloud__5700X_Dedicated_Server_at_Hong_Kong_ONLY_~137USD.md
ryzen-vps,128,$50.96,209507_DartNode_End_of_Summer_Update__6x_Dedicated_Server_Giveaway__Dart-A-Thon_Savings.md
Xeon Gold 6244,128,$150.00,208803_[Pre-Order]_Pakistan_-_DualSingle_Gold_6244_-_4.4Ghz_T_-_128G_Mem_-_1G_@_50TB_-_$150.00m.md
Ryzen 3600,128,€34,210261_Gigahost_Autumn_Sale_is_here_-_Huge_discounts_on_dedicated_servers.md
Ryzen 9,128,$3.67,210731_BalHost_-_Dedicated_Server_-_VPS_Server__NVMe_VPS_From_3.67$__7950X_DEDI__Turkey_Location.md
epyc-199-gpus-from-20,128,$159,215650_BudgetVM_-_Spring_Giveaway_(Free_Server!)__Ryzen_$159__Scalable_$189__EPYC_$199__GPUs_from_$20.md
Ryzen 7950X3D,128,$53.84,206887_1GServers.com_-_Summer_Kickoff_Dedicated_Server_Sale_-_Deals_start_at_$53.84mo!.md
epyc-ryzen-unbeatable-storage-servers,128,$1,"204478_GorillaServers_-_High-Performance_AMD_EPYC,_Ryzen,_&_Unbeatable_Storage_Servers.md"
EPYC Processor,128,€4,212205_ServerBear_Black_Friday_Deals_Bonanza_ AMD_Turin_CPU__Unmetered_NVMe_VPS_from_€4mo_in_NL.md
EPYC Promotions,128,$99,212511_BudgetVM_-_Christmas_Giveaway_(Free_Server!)__Ryzen’s_$99__Scalable's_$139__EYPC's_$199.md
Ryzen performance,128,$141.79,215282_1GServers.com__Pi-Day_2026_Dedicated_Server_Deals__US-WEST.md
EPYC 4564,128,£199,209320_[UK]_AMD_EPYC_4564_Dedicated_Servers_from_£199mo.md
EPYC 4564,128,£199,210565_[UK]_AMD_EPYC_4564_Dedicated_Servers_from_£199mo.md
Ryzens,128,$104,212020_1GServers.com__Black_Friday_2025_Dedicated_Server__Huge_Savings_On_E5_&_Ryzens!.md
epyc-199-gpu-from-20-free-server-giveaway,128,$159,216259_BudgetVM_Deals__Ryzen_from_$159__Scalable_$189__EPYC_$199__GPU_from_$20__Free_Server_Giveaway.md
Xeon Gold 5118,128,$150,"209226_RedSwitches_-_Amsterdam_Dedicated_Servers_–_Dual_Xeon,_10Gbps,_250TB_–_From_$150mo.md"
Ryzen 7,128,$15.40,215837_OVHcloud_•_Flash_Sale_•_Up_to_20%_off_Dedicated_Servers_•_APACEUNAM_Locations.md
Xeon Gold 5118,128,€125,213263_EOY_Offers_-_Dual_Xeon_Gold_+_10Gbps_Uplink_–_Instant_Deploy_–_Redswitches.md
EPYC Milan,128,$188,209698_Tier.net__Unbeatable_Savings_on_Ryzen_3950X7950X5950X9950X.md
ryzen-dual-e5-10g-deals-inside,128,$152.05,205761_1GServers.com_--_Pre-Summer_Power-Up_Dedicated_Server_Sale_Ryzen_&_Dual_E5_10g_Deals_Inside!.md
EPYC 7571,128,$49.90,214037_George_Datacenter_Dedicated_Server_From_$49.90__Los_Angeles__Dallas.md
EPYC Milan,128,$50,210334_Tier.net__Ryzen_5950X_and_7950X_on_Sale_-_70_USD_Discount.md
Ryzen 7,128,$45,210112_Dedispec_Fall_Sale_Dual_E5_starting_at_$45__Ryzen_7_64GB_RAM_$50.md
Ryzen 5950x,128,$99.99,"210401_Dallas,_TX_DEDICATED__Ryzen_5950x__Ryzen_5900x__Ryzen_3950x__Ryzen_3900x__I9-10900k__I7-7700k.md"
Ryzen 7950X3D,128,£43,"196136_server.net_-_Dedicated_Servers_UK_London,_Ryzen_7950X3D,_Intel_Xeon_4th_gen,_Best_priceperformance.md"
EPYC-based,128,$5,"212134_servaRICA_Black_Friday_2025,_Dedicated_GPU,_Unlimited_Storage,_loads_of_resources_for_VDS_and_more.md"
Xeon Gold 5115,128,$49.50,206280_Giveaway_-_Plus_New_10G25G_Servers_&_Low_End_Range.md
Ryzen 9,128,$3.67,213306_BalHost_-_Dedicated_Server_-_VPS_Server__NVMe_VPS_From_3.67$__7950X_DEDI__Turkey_Location.md
Ryzen 7950X3D,128,$104,212941_1GServers.com__Christmas_2025_Dedicated_Server_Deals__US-WEST.md
EPYC Milan,128,$119,213493_Tier.Net_-_5950X_and_7950X_-_Hurry!_Price_Hike_Coming_Soon!.md
Ryzen 9900X,128,$10.40,"212262_CometVPS_Returns_to_LET_for_BF_2025_—_Blast_Off_With_Massive_Deals,_Flash_Sales,_Giveaways_&_More!.md"
Xeon Gold 5118,128,$199,208490_[NL]_Dual_Xeon_Gold_5118_•_24C48T_•_128GB_RAM_•_10Gbps_•_$199mo_•_RedSwitches.md
EPYC Promotions,128,$10,214625_Deals_Bigger_than_the_Olympic_Ski_Jumpers_Injections!.md
Ryzen 5700G,128,Unknown,"210376_Ryzen_5700GX,_5950X,_7700X_Dedicated_Server_Deal_starting_at_80€_located_in_Frankfurt_am_Main.md"
Ryzen 4,128,$20,207248_DartNode__4th_of_July_Inside__Dedicated_Server_Giveaway_for_a_Year!.md
EPYC 4C,128,Unknown,"194754_heartbeat_IT__NL__RYZEN_4C8GiB200GiB_8,99_€m__AMD_EPYC_4C16GiB200GiB_8,99€m_VPS__2.5_GBIT.md"
Ryzen 9,100,$15,208703_AMD_Ryzen_9_NVME_VPS_from_$15yr__1C2G30G15T__Game_DDoS_Protection__Romania__Affiliate.md
Ryzen 9,100,$10.50,212190_[-30%]_Colocation__AMD_Ryzen_9_VPS_from_$10.50yr__DDoS_Protection__Romania__Affiliate.md
Ryzen 7950X,100,$15,193886_linveo.com_-_AMD_Ryzen_7950X_KVM_VPS_with_NVMe_disk_from_$15year_-_Now_with_10gbit_in_Texas!.md
EPYC 75F3,100,$1,216912_[LET_Special]_Godlike.host_KVM_VPS_for_$1GB_RAM__Ryzen_9__EPYC.md
epyc-intel-plans-from-11-50-yr-us-uk-de-hk-jp,100,$11.50,216582_[BitsFlowCloud]_🎂1st_Anniversary_Sale!_Global_EPYCIntel_Plans_from_$11.50Yr_(USUKDEHKJP).md
epyc-ryzen-kvm-vps-teamspeak-more-eygelshoven-nl,100,Unknown,"215934_SKRIME_Easter_Sale_-_35%_Off_EPYC_&_RYZEN_KVM_VPS,_TeamSpeak_&_More__Eygelshoven,_NL.md"
Ryzen 9950X,100,$14.99,"210564_Layer.ae__Eygelshoven,NL!__AMD_Ryzen_9950X__DDR5_RAM__NVMe__10Gbit.md"
EPYC configurations,100,$7,215745_[LIMITED]F-I-R-S-T_$7YR_OFFER_IN_DE_!_More_Spring_Mega_Sale_offers_(USDEUK)_inside！.md
Xeon Gold 6138,100,$149.99,210451_YxVM.com_—_10_Gbps_HKGTYO_dedicated_with_BGP_and_anti-DDoS!_Secret_deal_inside!.md
Ryzen 7950X,100,$6.00,"206436_Layer.ae__US,UK,SG!__AMD_Ryzen_7950X__DDR5_RAM__NVMe__10Gbit.md"
Xeon Gold 6138,100,$149.99,209000_YxVM.com_—_10_Gbps_HKG_dedicated_with_BGP_and_anti-DDoS!_Secret_deal_inside!.md
Xeon Platinum 8173M,100,€2.13,214191_XeniaHosting.com__High_Performance__IT_&_NL__VPS_up_to_25G_(IT).md
EPYC VPS,99,£2.50,202569_[UK]_-_AMD_EPYC_VPS_–_Just_£2.50Month_-_IPv4_&_IPv6_-_DDOS_Protected_-_Double_BW!.md
Epyc KVM,98,$50,201471_IncogNET_-_5_Gbps_Epyc_KVM_Servers_in_4_Great_Locations_-_Feature_packed_Shared_Hosting_-_Win_$50!.md
EPYC KVM,97,$59.40,"215072_Onidel__Ho_Chi_Minh,_Vietnam__EPYC_KVM__50%_OFF.md"
EPYC 7542,96,$200,211968_RackGenius_BFCM_2025__25%_off_LIFE_+_OVER_$200_IN_GIVEAWAYS_+_$17yr_VPS.md
Ryzen 5,96,€49,"213460_Dedicated_Server_Stock_Sale_from_49_€__M__Nuremberg,_Germany___DDoS_Protection__Instant_Delivery.md"
EPYC 4344P,96,$99,197801_InterServer_-_EPYC_4344P_Dedicated_Deal.md
EPYC -,96,$89,"207677_server.net_-_Dedicated_Servers_NL_Amsterdam,_AMD_Ryzen,_AMD_EPYC_-_New_Location_is_Live!.md"
Xeon Gold 5115,96,$87.00,213451_10G_FULL_UNMETERED__-_3_Months_Half_Price!_-_from_$87.00.md
EPYC 7F52,93,£7.00,213967_[UK]_AMD_EYPC_-_100TB_Bandwidth_-_Free_Upgrades.md
Epyc 7551P,80,€ 4.99,"207119_[SERVERS.GURU]_50%_OFF_recurring_!_AMD_Epyc_7551P_in_Montreal,_CA__unmetered_From_2.50€month!.md"
EPYC-,80,$8.98,210986_HostSailor_-_Halloween_NVMe_KVM_Sale_-_AMD_EPYC-_BIG_40%_OFF_-_LET_Exclusive.md
EPYC NVMe,80,€7,207915_DeluxHost.net__1st_Anniversary__AMD_EPYC_NVMe_VPS__From_€7yr__Instant_Delivery__Frankfurt.md
EPYC VPS,80,€7,208373_DeluxHost.net__NEW_Xeon_GoldEPYC_VPS__High_Stability__Start_from_€7yr_!__PRE-ORDER__NL.md
Ryzen KVM,80,$5,211952_ST-Hosting_-_Black_Week_2025_-_Xeon_and_Ryzen_KVM_Servers_located_in_Frankfurt.md
Xeon Gold 6122,80,€7,207430_DeluxHost.net__New_L_Series_VPS__Lightning_NVMe__Starting_€7yr__[PRE-ORDER]__NL.md
EPYC VPS,80,$47.52,208160_[Onidel]_60%_OFF_SINGAPORE_EPYC_VPS__GIVE_AWAYS.md
EPYC 9004,70,$20,214380_[BFC]_Spring_Sale_Pick_3_FREE_Upgrades_(2x_RAMDiskBW+CPU)_-_DEUSHK_-_$20yr.md
Ryzen Dedicated,64,$1.65,210232_Crazy_Deals_6_Global_Locations_SharedReseller_Hosting_$1.65m__$29.95m_Ryzen_Dedicated_Servers!.md
Ryzen 5,64,$20,"208809_PebbleHost__E3v2_$20__4790k_$35__5700X_$70__FREE_BGP__UK_Dedicated_Hosting__3,700_Reviews_4.7★.md"
EPYC VPS,64,Unknown,"215020_SKRIME_Spring_Sale_-_30%_Off_EPYC_VPS_&_More_+_20_VPS_Giveaway__Eygelshoven,_NL.md"
Xeon Gold 6152s,64,$2,209772_DELL_C6400_2U_4-Node_BEAST!_hardware_sale!.md
Ryzen 9950X,64,€4.93,211093_[Double_Time]_Ryzen_9950X_•_10Gbps_•_Frankfurt_•_5_x_10€_GIVEAWAY.md
epyc-ryzen-xeon-eygelshoven-nl,64,Unknown,"214783_SKRIME_–_KVM_VPS_from_0.99mo_&_Dedicated_Servers__AMD_EPYC,_RYZEN,_XEON__Eygelshoven,_NL.md"
Xeon Gold 6138,64,$181.76,"214454_Alexhost.com_-__Olympic_Sale,_Up_to_20%_Off_Hosting_(Recurring_and_Non-Recurring).md"
Ryzen 7,64,€79,214154_Hetzner_Increases_Setup_Fees_—_Order_on_SpaceCore_at_the_Old_Price_While_You_Can!.md
Ryzen 7,64,$49,213957_Dallas_&_Chicago_Dedicated_Server_Deals_-_Swiftnode_LLC.md
Ryzen 9,64,€20,203943_Alexhost.com_-_Has_launched_GPU_Dedicated_Servers_-_2x_RTX_4070_Ti_SUPER__1Gbps.md
EPYC Milan,64,$49.99,214281_TierNet__1270v6_-_Quick_sale_at_a_great_price_-_Turbo_Deploy.md
EPYC Servers,64,$39,208638_Today's_Deal_Ends_Tonight_Recurring_Monthly_Discounts_on_Daily_Deals_Dedicated_Servers_from_$39mo.md
Ryzen 8700G,64,$84.99,"206831_PebbleHost__Ryzen_8700G_$84.99__Ryzen_5,_7_&_9000__FREE_BGP__Instant_Setup__3,700_Reviews_4.7★.md"
EPYC 7742,64,$80,209266_30x_NVIDIA_8x_A100_SXM4_Supermicro_4124GO-NART+.md
EPYC,60,€6,213146_🎄_Christmas_Eve_Speed_Deal_+_New_year_GIVEAWAY__US_&_NL__CloudBlast.md
EPYC Milan,60,$5,198266_[Sydney__Singapore]_Welcome_offers_from_Onidel.com_-_Double_your_bandwidth!.md
Ryzen 9,45,€4,210869__VPS_from_€4.8mo_–_Pay_with_Crypto__Hetzner_&_Contabo_ALSO_AVAILABLE_IN_CRYPTO!.md
Ryzen 7950x,40,$9.99,207932_Hostaddon.com_VPS__EUUSAASIA__1021_Gbps__SSD_NVMe__Upto_50%_Off__Storage__DMCA_Ignore.md
Ryzen 7950x,40,$9.99,208716_Hostaddon.com_VPS__EUUSAASIA__1021_Gbps__SSD_NVMe__Upto_50%_Off__Storage__DMCA_Ignore.md
Epyc 7551P,40,€ 4.99,213435_[SERVERS.GURU]_Happy_new_year!_50%_recurring_on_Epyc_7551P!.md
EPYC Milan,40,$5,199286_Onidel_Cloud_-_25%_RECHARGE_BONUS__Hourly_billing__High-performance_VPS_across_APAC_(SGSYDVN).md
Xeon Gold CPUs,40,€2.50,209822_London_VPS_+_VDS_Offers_(Ireland_Geolocation).md
EPYC 7551P,40,€ 4.99,207704_[SERVERS.GURU]_We're_4_years_old_!_50%_recurring_on_ALL_VPS_LOCATIONS!.md
epyc-nvme-10gbps,40,Unknown,"214243_CloudBlast_-_50%_BONUS_ON_DEPOSITS_IS_BACK!_+_🎁_GIVEAWAY_-_Hourly_VPS,_AMD_EPYCNVMe,_10Gbps.md"
Ryzen 7950x,40,$9.99,204821_Hostaddon.com_VPS__EUUSAASIA__1021_Gbps__SSD_NVMe__Upto_50%_Off__Storage__DMCA_Ignore.md
Ryzen 9,40,$6,216989_Gateway_Sentry_Anycast_DDoS_Protection__In-House_XDP__$6.5_VPS_RYZEN.md
Ryzen 5,32,€ 60,208083_Ryzen_5__offer.md
RYZEN 9950X,32,$3.00,211601_★_Ozonti_Network__Black_Friday__VPS_KVM_FROM_$3.00__Hosting_$12.00_yr_★.md
EPYC 7F52,32,£3.00,213604_{UK}_VPS_&_Dedicated_Offers_-_Win_Prize_-_Free_Upgrades.md
EPYC DDR5,32,$3.50,209508_50%_AMD_EPYC_DDR5_VPS's_FOR_LIFE!_STARTING_AT_$3.50MONTH!.md
EPYC 7502P,32,$4.95,"217082_2026_Summer_SALE_-_from_just_$4.95_USDmo_8GB_Ram_-_Miami,_FL_&_Falkenstein,_DE_-_[Aspire_Hosting].md"
Ryzen 7900,32,$4.87,191899_UK_Ryzen_7900_VPS_★_From_$4.87month_★_Double_CPUBandwidthStorage_Deal!_★_Giveaway!.md
Xeon Gold 6122,32,€2.50,211255_(Updated)_[al.uy]_Build-Your-Own_VPS_–_1–16_vCores__0.5–32GB_RAM_–_€2.50mo.md
EPYC,32,$4.99,216232_Raff_—_KVM_VPS_·_2_vCPU4GB_DDR5_$4.99mo_·_4_vCPU8GB_DDR5_$9.99mo_·_NVMe_·_3Gbps_Unmetered.md
EPYC,32,$20,208596_Independence_Day_Sale_-_VPS_&_Dedicated_-_INSGJPUSCAUKNLDE_-_From_$20year.md
EPYC HIGH,32,$45,209300_H4Y_BYOS-AMD_Ryzen_9-EPYC_HIGH_CORE-Six_Locations-247365-Live_Chat_Support-Crypto_Available.md
Ryzen 9,32,$45,208770_H4Y_BYOS-Deflated_Price-Six_Locations-247365-Live_Chat_Support.md
EPYC,32,$12,"207733_Flash_Sale_-_VPS_&_Dedicated_-_IndiaSGJPUSACAUKNLDE_-_25TB_BW,_10Gbit_From_$12.md"
epyc-10gbit-from-24-year,32,$24,"209847_VPS_&_Dedicated_-_IndiaSGJPUSACAUKNLDE_-_AMD_EPYC,_10Gbit_From_$24year.md"
EPYC Milan,32,$68,212077_GreenCloud_BFCM_2025_FLASH_SALES_Return!_AMD_Genoa_NVMe__UTAH_Live_+_Giveaways!.md
Ryzen NVMe,32,$19,213670_Budget_Dedicated_Servers_&_Ryzen_NVMe_VPS_(Chicago).md
epyc-ryzen-9-xeon-starting-3-49-mo-limited-stock,32,Unknown,205572_24fire_goes_LET_–_Our_First_Offer_EPYC__RYZEN-9__XEON_starting_@3.49€mo_–_Limited_Stock!.md
RYZEN 9950X,32,$3.00,205649_★_NohaVPS__VPS_FROM_$3.00__2_GB_RAM_-_40_GB_NVMe__DEDICATED_FROM_$30.00__1_Gbps__10_Gbps_★.md
Xeon Gold 6122,32,€2.50,209779_[al.uy]_Build-Your-Own_VPS_–_1–16_vCores__0.5–32GB_RAM_–_€2.50mo.md
Xeon Gold 6248,32,£10,"209055_VPS_Offers_UKNLCalifornia_–_UK_10Gbps,_FREE_Bonuses,_IPv4+IPv6,_Backups+Snapshots_–_from_£10year!.md"
epyc-xeon,32,$9,209851_Advin_Servers_-_$9_for_8_vCPU32GB_RAM128GB_NVMe_in_Kansas_City_(Older_EPYCXeon).md
Ryzen 9950x,32,$5.00,209598_★_NohaVPS__FROM_$5.00__4_GB_RAM__Ryzen_9950x_-_USA__10_Gbps_★.md
epyc-ryzen-basically-dedicated-in-us-ca-eu-colo-anycast-more,32,$3,207939_SYSADMIN_DAY_AMD_EPYC__RYZEN__Basically_Dedicated_in_US_&_CA_&_EU__COLO__ANYCAST_&_MORE.md
Ryzen VPS,32,$7,216595_LET_Ryzen_VPS_Back_in_Stock__From_$7year__Limited_Stock.md
EPYC 7C13,30,$7,210729_$7Year_VPS__CACANNL_KVM_VPS__IPv4IPv6__FREE_Triple_RAM_+_Disk_Bonus!__FREE_CREDIT!.md
Ryzen -,30,£6,207584_£6Year_California_KVM_VPS__FREE_Triple_RAM_Bonus!_Crazy_Dedicated_Server_Offer_inside!.md
EPYC 7C13,30,£30,211182_Black_Friday__CACANNL_KVM_VPS__Backups__IPv4IPv6___FREE_Triple_RAM_+_Disk_Bonus__FREE_Credit.md
Ryzen 7950x,30,$9.99,209993_Hostaddon.com_VPS__EUUSAASIA__1021_Gbps__SSD_NVMe__Upto_50%_Off__Storage__DMCA_Ignore.md
Ryzen 7950x,30,$9.99,212061_Hostaddon.com_VPS__Black_Friday_Sale__1021_Gbps__SSD_NVMe__Storage__DMCA_Ignore.md
EPYC 7C13,30,$7,210312_$7Year_VPS__CaliforniaNL_KVM_VPS__IPv4IPv6__FREE_Triple_RAM_+_Disk_Bonus!__FREE_CREDIT!.md
Ryzen 7950x,30,$9.99,213069_Hostaddon.com_VPS__EUUSAASIA__1021_Gbps__SSD_NVMe__Upto_50%_Off__Storage__DMCA_Ignore.md
EPYC KVM,26,€4.99,203173_2025_SALE_AMD_EPYC_KVM_Servers_from_€4.99mo_–_Limited_Stock!.md
EPYC KVM,26,€9.99,214777_2026_SALE_AMD_EPYC_KVM_Servers_from_€9.99mo_–_Limited_Stock!.md
EPYC SALE,26,€6.49,210160_AMD_EPYC_SALE_–_Fall_2025_KVM_VPS_in_Frankfurt_from_€6.49mo.md
EPYC Turin,24,€3.90,212228_Black_Friday_EPYC_Turin_VPS__Top-up_Bonus__from_3.90_EUR.md
EPYC7443P,24,$4.60,215621_George_Datacenter_VPS_From_$4.60__Los_Angeles__Dallas__Ashburn__Kansas.md
Ryzen Series,24,€12.50,"210880_HALLOWEEN_SALE__10€YEAR_VPS__AMD_RYZEN,_INTEL_XEON,_STORAGE_VPS_-_[Netherlands].md"
EPYC Turin,24,Unknown,209823_NEW_AMD_EPYC_Turin_(5th_Gen)_&_Server_Outlet__24fire.md
EPYC 9754,24,Unknown,"207722_★_FameSystems.de__SUMMER-SALE_2025__AMD_EPYC_97549654_KVM_Server__DDR5_RAM__30,00€_Annually_★.md"
EPYC7443P,24,$4.60,216670_George_Datacenter_VPS_From_$4.60__Los_Angeles__Dallas__Ashburn__Kansas.md
ryzen-hybrid-deals-stocking-stuffers,24,$2.99,213116_TNAHosting_Christmas_Sale_–_Ryzen_&_Hybrid_Deals_+_Stocking_Stuffers.md
epyc-nvme-ssd-10-gbps-uplink-30-tb-bandwidth-6-49-month,24,$6.49,216258_USA_Cloud_VPS_★_AMD_EPYC_★_NVMe_SSD_★_10_Gbps_Uplink_★_30_TB_Bandwidth_-_$6.49Month!.md
EPYC7443P,24,$4.60,216093_George_Datacenter_VPS_From_$4.60__Los_Angeles__Dallas__Ashburn__Kansas.md
EPYC VPS,20,€8,"210928_[Frankfurt]_Informaten.com_–_EPYC_VPS_–_6C__20GB_RAM__200GB_NVMe_–_€8,50mo_(Ceph-backed).md"
EPYC 7443P,20,€7.14,213323_🎆_New_Year_Specials_2026_–_KVM_NVMe_VPS_(EUDE)_Fair_Use_Traffic_–_3_Backups.md
Xeon Platinum CPUs,20,$3.56,"214985_tothost.vn_Hello_TOT_K-HCM_-_Add_K,_Save_20%_Asia_Region_Native_Clean_IP_Unlimit_Data.md"
EPYC and,20,€5.00,216579_EPYC_and_Storage_VPS_@_Frankfurt_Equinix_FR7__10Gbps__20GB_RAM_for_8€!_🇩🇪.md
EPYC 7742,16,$55,209416_→_Hostodo_Deals_-_FREE_Double_BW_-_8G_100G_NVMe_$55yr__3.5G_$30yr_-_Detroit_Vegas_Tampa.md
EPYC,16,$3,208482_Kuroit__KVM_VPS_Sale__SG_&_USA_Locations__10Gbps_&_more!.md
EPYC Power,16,$6,"207593_Hostodo_LET_Exclusive_–_8GB4C_NVMe_for_$6_–_16GB6C_for_$10_–_EPYC_Power,_Instant_Deploy.md"
EPYC Milan,16,$68,216691_GreenCloud__TOP_1_PROVIDER_20242025__DOUBLE_PROMOTIONS_AND_FLASH_SALE__GIVEAWAYS.md
Ryzen 7700,16,$30,210691_HostCram_LLC_-_2025_Black_Friday_Deals_with_Massive_10_Gbps_Bandwidth!_(Instant_Ready-stock).md
EPYC VPS,16,€7.99,207848_AMD_EPYC_VPS_from_€7.99_–_(4c16GB100GB_NVMe)_@_Informaten.md
Epyc Nodes,16,$12,216610_Little_Creek_Hosting_–_NVMe_KVM_VPS__Epyc_Nodes__Starting_at_$12year_🚀.md
Epyc Milan,16,$6,188692_DATAWAGON__NEW_AMD_Epyc_Milan_VPS__8GB_RAM_@_$6__RAID10_NVMe__FREE_Windows_Server__FREE_Backups.md
Ryzen dedicated,16,$10.00,201827_DartNode__January_Annual_Dedicated_Server_Giveaway__News__2024_Appreciation_Deals.md
EPYC VPS,16,€4.99,212186_Black_Friday_EPYC_VPS_from_€4.99_–_Frankfurt__+30%_Top-Up_Bonus__LIMITED.md
EPYC TURIN,16,€50.00,212908_[New_location]_Bremen__AMD_EPYC_TURIN__DDR5__NVMe.md
Ryzen 5000,16,€0.09,211384_Pulsed_Media_M10G_RAID5_HDD_&_Storage_Boxes_—_Singles'_Day_11.11_Special!_🥳.md
Ryzen 5,16,Unknown,212807_Ava.hosting_-_New_AMD_Ryzen_5_Dedicated_Servers__Moldova__1Gbps.md
Ryzen NVMe,16,$2.55,210929_[HALLOWEEN_SALE]_TNAHosting_—_Scary-Fast_VPS_from_$2.55mo.md
Ryzen 7000,16,$30,214292_HostCram_LLC_-_Full_Windows_Automation__Free_Offsite_Backup_and_Restore__Ryzen_7000_VPS_@_$30Year.md
Xeon Platinum 8173M,16,€7,209869_DeluxHost.net__New_I_Series_VPS__Ultra_Low_Latency__From_€7yr_[PRE-ORDER]__NED.md
RYZEN 7000,16,$6.99,208944_100GBPS_BIG_BANDWIDTH_OFFERS_&_BASICALLY_DEDICATED_&_MORE_@_TERABIT.IO.md
EPYC KVM,16,€3.25,"214092_[USEUAPAC]_AMD_EPYC_KVM_—_8GB_RAM_€3.25mo,_4GB_€2.22mo__80%_OFF_Recurring__11_Global_Locations.md"
Xeon Gold 6122,16,Unknown,207271_[Summer_Sale]__VPS_9.99€yr__24.99€yr_3vCPU6GB100GB_NVME__Xeon_Gold.md
EPYC TURIN,16,€15.47,"203927_[Launch]_EPYC_TURIN_VPS_from_3,29€__XEON_VPS_16GB_RAM_8,99€__Hosted_in_Germany.md"
EPYC 7C13,16,€6.50,208792_ph24_MilanGenoa_Frankfurt_VPS_offer_starting_@_6.50_€m.md
Epyc from,16,Unknown,"213869_[EU]_5th_Gen_AMD_Epyc_from_2,24€__GPUs_available_now_from_67,21€.md"
Xeon Gold,16,$14.95,206870_SoftShellWeb_Summer_Sale_2025!.md
EPYC VPS,16,$19.99,212168_Mega_BF_Deals_Hosting_•_EPYC_VPS_•_Dedicated_Servers_+_Freebies!.md
Ryzen 9950X,16,€4,213455_DeluxHost.net__NEW_Y_Series_from_€4year_+_W_Series_Ryzen_9950X_VPS__NVMe__NED.md
EPYC 7C13,16,$1,213161_Alice_Networks_Christmas_&_New_Year_Cloud_Promotion_+_Tokyo_Region_Launch.md
Xeon Platinum 8173M,16,€7,"210253_DeluxHost.net__J_Series_VPS_Launch,_Unbeatable_Value__From_€7yr__PRE-ORDER__AMS.md"
Xeon Gold VPS,16,€7,208871_DeluxHost.net__Xeon_Gold_VPS_–_NEW_RAM_Monster_Plan_16GB!__Starting_€7yr__PRE-ORDER__NED.md
Xeon Platinum 8173M,16,€4,210649_DeluxHost.net__K_Series_VPS_Launch__From_ONLY_€4yr!!__Free_BGP_Session__INSTANT_DELIVERY__AMS.md
Ryzen 9,16,€4,"214004_DeluxHost.net__LAST_CHANCE__Ryzen_9_VPS_(WM)_+_New_N_Offer_+_Storage_VPS__From_€4yr_and_1,49€m.md"
Ryzen 7000,16,$10,199845_HostCram_LLC_-_Black_FridayCyber_Monday_2024_Deals__Photos_of_Our_Future_Office_&_Ryzen_7000_Nodes.md
epyc-vps-budget-and-11-11-flash-sale-promo,16,$29.90,"211327_OrangeVPS_-_2025_Autumn_Sales_with_AMD_EPYC,_VPS_Budget_and_11-11_Flash_Sale_Promo!.md"
EPYC CPUs,16,€11.80,207513_Summer_Just_Got_Hotter_New_VPS_Location_+_Bonuses_+_Upgrades!_Up_to_75%_Off_VPS__on_Summer_Sale.md
EPYC Turin,16,€2,204684_HostBrr__Two_year_anniversary_deals__AMD_EPYC_Turin_+_Block_Storage__Flash_deals_!.md
EPYC VPS,16,$2,188042_HostBrr__Large_Storage_VPS_$2TB_-_AMD_EPYC_VPS_$0.625GB_RAM_!!_Double_Bandwidth_and_Double_RAM!.md
Epyc nodes,16,€195.00,213731_[USEUAPAC]_Snowpiercer_Sale__New_AMD_Epyc_nodes__75%_OFF_VPS__Proxy_deals.md
Ryzen 7700,16,$30,201650_HostCram_LLC_-_The_Best_Ryzen_7700_&_7900_KVM_Deals_Restocked!.md
Ryzen 9950X,16,$12.95,213035_From_$12.95year__Amsterdam__USA__Taiwan__China_Optimized__10_Gbps__Ryzen_9950X_&_NVMe.md
EPYC Milan,16,$8,208435_Advin_Servers_-_$8_for_8_vCPU16GB_RAM128GB_NVMe_in_Kansas_City_(AMD_EPYC_Milan).md
epyc-10gbit-from-22-year,16,$22,"212615_Last_Chance!_-_IndiaSGJPUSACAUKNLDE_-_4_vCore_AMD_EPYC,_10Gbit_From_$22year.md"
EPYC vCores,16,$2.35,"203197_Nuyek_1-Year_Anniversary_-_Highland,_IL.md"
Xeon Platinum VPS,16,€7,209382_DeluxHost.net__NEW_Xeon_Platinum_VPS__Solid_Performance__INSTANT_DELIVERY__From_ONLY_€7yr__NED.md
Ryzen 7950X,16,$25,"211640_TRENDING_NOW_RackNerd’s_BLACK_FRIDAY!_NEW_DEALS,_NEW_LOCATIONS,_NEW_HARDWARE_+_100’s_of_GIVEAWAYS!.md"
EPYC Milan,16,€5.45,"208894_6_Cores_-_16GB_RAM_-_5,45€_Non-EU6.49€_EU_AMD_EPYC_Milan_7763_Hosted_in_Germany.md"
Xeon Gold,16,$11.95,210440_From_$11.95year__Amsterdam__USA_West_Coast__China_Optimized_Network__Taiwan__10Gbps.md
Ryzen 9950X,16,$24.95,214746_[SoftShellWeb]_10_Gbps_KVM_VPS_Deals__Ryzen_9950X_NVMe_(LA)_&_Xeon_Gold_(Utah).md
